onset	duration	trial_type	value	sample
0.0	30.0	Sleep stage U	5	0
30.0	30.0	Sleep stage U	5	6000
60.0	30.0	Sleep stage U	5	12000
90.0	30.0	Sleep stage U	5	18000
120.0	30.0	Sleep stage U	5	24000
150.0	30.0	Sleep stage U	5	30000
180.0	30.0	Sleep stage U	5	36000
210.0	30.0	Sleep stage U	5	42000
240.0	30.0	Sleep stage U	5	48000
270.0	30.0	Sleep stage U	5	54000
300.0	30.0	Sleep stage W	6	60000
330.0	30.0	Sleep stage W	6	66000
360.0	30.0	Sleep stage W	6	72000
390.0	30.0	Sleep stage W	6	78000
420.0	30.0	Sleep stage W	6	84000
450.0	30.0	Sleep stage N1	1	90000
480.0	30.0	Sleep stage N1	1	96000
510.0	30.0	Sleep stage N1	1	102000
540.0	30.0	Sleep stage N1	1	108000
570.0	30.0	Sleep stage N2	2	114000
600.0	30.0	Sleep stage N2	2	120000
630.0	30.0	Sleep stage N2	2	126000
660.0	30.0	Sleep stage N2	2	132000
690.0	30.0	Sleep stage N2	2	138000
720.0	30.0	Sleep stage N1	1	144000
750.0	30.0	Sleep stage N2	2	150000
780.0	30.0	Sleep stage N2	2	156000
810.0	30.0	Sleep stage N2	2	162000
840.0	30.0	Sleep stage N2	2	168000
870.0	30.0	Sleep stage N2	2	174000
900.0	30.0	Sleep stage N2	2	180000
930.0	30.0	Sleep stage N2	2	186000
960.0	30.0	Sleep stage N2	2	192000
990.0	30.0	Sleep stage N2	2	198000
1020.0	30.0	Sleep stage N2	2	204000
1050.0	30.0	Sleep stage N2	2	210000
1080.0	30.0	Sleep stage N2	2	216000
1110.0	30.0	Sleep stage N2	2	222000
1140.0	30.0	Sleep stage N2	2	228000
1170.0	30.0	Sleep stage W	6	234000
1200.0	30.0	Sleep stage N1	1	240000
1230.0	30.0	Sleep stage N1	1	246000
1260.0	30.0	Sleep stage N2	2	252000
1290.0	30.0	Sleep stage N1	1	258000
1320.0	30.0	Sleep stage N2	2	264000
1350.0	30.0	Sleep stage N2	2	270000
1380.0	30.0	Sleep stage N2	2	276000
1410.0	30.0	Sleep stage N2	2	282000
1440.0	30.0	Sleep stage N2	2	288000
1470.0	30.0	Sleep stage N1	1	294000
1500.0	30.0	Sleep stage N1	1	300000
1530.0	30.0	Sleep stage N2	2	306000
1560.0	30.0	Sleep stage N1	1	312000
1590.0	30.0	Sleep stage N2	2	318000
1620.0	30.0	Sleep stage N2	2	324000
1650.0	30.0	Sleep stage N2	2	330000
1680.0	30.0	Sleep stage N2	2	336000
1710.0	30.0	Sleep stage N2	2	342000
1740.0	30.0	Sleep stage N2	2	348000
1770.0	30.0	Sleep stage N2	2	354000
1800.0	30.0	Sleep stage N2	2	360000
1830.0	30.0	Sleep stage N2	2	366000
1860.0	30.0	Sleep stage N2	2	372000
1890.0	30.0	Sleep stage N2	2	378000
1920.0	30.0	Sleep stage N2	2	384000
1950.0	30.0	Sleep stage N2	2	390000
1980.0	30.0	Sleep stage N2	2	396000
2010.0	30.0	Sleep stage N3	3	402000
2040.0	30.0	Sleep stage N3	3	408000
2070.0	30.0	Sleep stage N3	3	414000
2100.0	30.0	Sleep stage N3	3	420000
2130.0	30.0	Sleep stage N3	3	426000
2160.0	30.0	Sleep stage N3	3	432000
2190.0	30.0	Sleep stage N3	3	438000
2220.0	30.0	Sleep stage N3	3	444000
2250.0	30.0	Sleep stage N3	3	450000
2280.0	30.0	Sleep stage N3	3	456000
2310.0	30.0	Sleep stage N3	3	462000
2340.0	30.0	Sleep stage N3	3	468000
2370.0	30.0	Sleep stage N3	3	474000
2400.0	30.0	Sleep stage N3	3	480000
2430.0	30.0	Sleep stage N3	3	486000
2460.0	30.0	Sleep stage N3	3	492000
2490.0	30.0	Sleep stage N3	3	498000
2520.0	30.0	Sleep stage N3	3	504000
2550.0	30.0	Sleep stage N3	3	510000
2580.0	30.0	Sleep stage N3	3	516000
2610.0	30.0	Sleep stage N3	3	522000
2640.0	30.0	Sleep stage N3	3	528000
2670.0	30.0	Sleep stage N3	3	534000
2700.0	30.0	Sleep stage N3	3	540000
2730.0	30.0	Sleep stage N3	3	546000
2760.0	30.0	Sleep stage N3	3	552000
2790.0	30.0	Sleep stage N3	3	558000
2820.0	30.0	Sleep stage N3	3	564000
2850.0	30.0	Sleep stage N3	3	570000
2880.0	30.0	Sleep stage N3	3	576000
2910.0	30.0	Sleep stage N3	3	582000
2940.0	30.0	Sleep stage N3	3	588000
2970.0	30.0	Sleep stage N3	3	594000
3000.0	30.0	Sleep stage N3	3	600000
3030.0	30.0	Sleep stage N3	3	606000
3060.0	30.0	Sleep stage N3	3	612000
3090.0	30.0	Sleep stage N3	3	618000
3120.0	30.0	Sleep stage N3	3	624000
3150.0	30.0	Sleep stage N3	3	630000
3180.0	30.0	Sleep stage N3	3	636000
3210.0	30.0	Sleep stage N3	3	642000
3240.0	30.0	Sleep stage N3	3	648000
3270.0	30.0	Sleep stage N3	3	654000
3300.0	30.0	Sleep stage N3	3	660000
3330.0	30.0	Sleep stage N3	3	666000
3360.0	30.0	Sleep stage N3	3	672000
3390.0	30.0	Sleep stage N3	3	678000
3420.0	30.0	Sleep stage N3	3	684000
3450.0	30.0	Sleep stage N3	3	690000
3480.0	30.0	Sleep stage N3	3	696000
3510.0	30.0	Sleep stage N3	3	702000
3540.0	30.0	Sleep stage N3	3	708000
3570.0	30.0	Sleep stage N3	3	714000
3600.0	30.0	Sleep stage N3	3	720000
3630.0	30.0	Sleep stage N3	3	726000
3660.0	30.0	Sleep stage N3	3	732000
3690.0	30.0	Sleep stage N3	3	738000
3720.0	30.0	Sleep stage N3	3	744000
3750.0	30.0	Sleep stage N3	3	750000
3780.0	30.0	Sleep stage N3	3	756000
3810.0	30.0	Sleep stage N3	3	762000
3840.0	30.0	Sleep stage N3	3	768000
3870.0	30.0	Sleep stage N3	3	774000
3900.0	30.0	Sleep stage U	5	780000
3930.0	30.0	Sleep stage U	5	786000
3960.0	30.0	Sleep stage U	5	792000
3990.0	30.0	Sleep stage U	5	798000
4020.0	30.0	Sleep stage U	5	804000
4050.0	30.0	Sleep stage U	5	810000
4080.0	30.0	Sleep stage U	5	816000
4110.0	30.0	Sleep stage U	5	822000
4140.0	30.0	Sleep stage N3	3	828000
4170.0	30.0	Sleep stage N3	3	834000
4200.0	30.0	Sleep stage N3	3	840000
4230.0	30.0	Sleep stage N3	3	846000
4260.0	30.0	Sleep stage N3	3	852000
4290.0	30.0	Sleep stage N3	3	858000
4320.0	30.0	Sleep stage N3	3	864000
4350.0	30.0	Sleep stage N3	3	870000
4380.0	30.0	Sleep stage N3	3	876000
4410.0	30.0	Sleep stage N2	2	882000
4440.0	30.0	Sleep stage N2	2	888000
4470.0	30.0	Sleep stage N2	2	894000
4500.0	30.0	Sleep stage N2	2	900000
4530.0	30.0	Sleep stage N2	2	906000
4560.0	30.0	Sleep stage N2	2	912000
4590.0	30.0	Sleep stage N2	2	918000
4620.0	30.0	Sleep stage N2	2	924000
4650.0	30.0	Sleep stage N1	1	930000
4680.0	30.0	Sleep stage N1	1	936000
4710.0	30.0	Sleep stage N2	2	942000
4740.0	30.0	Sleep stage N2	2	948000
4770.0	30.0	Sleep stage N2	2	954000
4800.0	30.0	Sleep stage N2	2	960000
4830.0	30.0	Sleep stage N2	2	966000
4860.0	30.0	Sleep stage N1	1	972000
4890.0	30.0	Sleep stage N2	2	978000
4920.0	30.0	Sleep stage N1	1	984000
4950.0	30.0	Sleep stage N2	2	990000
4980.0	30.0	Sleep stage N1	1	996000
5010.0	30.0	Sleep stage N2	2	1002000
5040.0	30.0	Sleep stage R	4	1008000
5070.0	30.0	Sleep stage N1	1	1014000
5100.0	30.0	Sleep stage N2	2	1020000
5130.0	30.0	Sleep stage N2	2	1026000
5160.0	30.0	Sleep stage N1	1	1032000
5190.0	30.0	Sleep stage N1	1	1038000
5220.0	30.0	Sleep stage N2	2	1044000
5250.0	30.0	Sleep stage N2	2	1050000
5280.0	30.0	Sleep stage N1	1	1056000
5310.0	30.0	Sleep stage N1	1	1062000
5340.0	30.0	Sleep stage N2	2	1068000
5370.0	30.0	Sleep stage N2	2	1074000
5400.0	30.0	Sleep stage N2	2	1080000
5430.0	30.0	Sleep stage N1	1	1086000
5460.0	30.0	Sleep stage N2	2	1092000
5490.0	30.0	Sleep stage N2	2	1098000
5520.0	30.0	Sleep stage N1	1	1104000
5550.0	30.0	Sleep stage N2	2	1110000
5580.0	30.0	Sleep stage N2	2	1116000
5610.0	30.0	Sleep stage N2	2	1122000
5640.0	30.0	Sleep stage N2	2	1128000
5670.0	30.0	Sleep stage N1	1	1134000
5700.0	30.0	Sleep stage W	6	1140000
5730.0	30.0	Sleep stage W	6	1146000
5760.0	30.0	Sleep stage W	6	1152000
5790.0	30.0	Sleep stage W	6	1158000
5820.0	30.0	Sleep stage W	6	1164000
5850.0	30.0	Sleep stage W	6	1170000
5880.0	30.0	Sleep stage W	6	1176000
5910.0	30.0	Sleep stage W	6	1182000
5940.0	30.0	Sleep stage N1	1	1188000
5970.0	30.0	Sleep stage N1	1	1194000
6000.0	30.0	Sleep stage W	6	1200000
6030.0	30.0	Sleep stage N1	1	1206000
6060.0	30.0	Sleep stage N1	1	1212000
6090.0	30.0	Sleep stage N1	1	1218000
6120.0	30.0	Sleep stage N1	1	1224000
6150.0	30.0	Sleep stage N1	1	1230000
6180.0	30.0	Sleep stage N2	2	1236000
6210.0	30.0	Sleep stage N1	1	1242000
6240.0	30.0	Sleep stage N1	1	1248000
6270.0	30.0	Sleep stage N2	2	1254000
6300.0	30.0	Sleep stage N1	1	1260000
6330.0	30.0	Sleep stage N1	1	1266000
6360.0	30.0	Sleep stage N2	2	1272000
6390.0	30.0	Sleep stage N2	2	1278000
6420.0	30.0	Sleep stage N1	1	1284000
6450.0	30.0	Sleep stage N2	2	1290000
6480.0	30.0	Sleep stage N2	2	1296000
6510.0	30.0	Sleep stage R	4	1302000
6540.0	30.0	Sleep stage R	4	1308000
6570.0	30.0	Sleep stage R	4	1314000
6600.0	30.0	Sleep stage R	4	1320000
6630.0	30.0	Sleep stage R	4	1326000
6660.0	30.0	Sleep stage R	4	1332000
6690.0	30.0	Sleep stage R	4	1338000
6720.0	30.0	Sleep stage R	4	1344000
6750.0	30.0	Sleep stage R	4	1350000
6780.0	30.0	Sleep stage R	4	1356000
6810.0	30.0	Sleep stage R	4	1362000
6840.0	30.0	Sleep stage R	4	1368000
6870.0	30.0	Sleep stage R	4	1374000
6900.0	30.0	Sleep stage W	6	1380000
6930.0	30.0	Sleep stage N1	1	1386000
6960.0	30.0	Sleep stage N2	2	1392000
6990.0	30.0	Sleep stage N1	1	1398000
7020.0	30.0	Sleep stage N2	2	1404000
7050.0	30.0	Sleep stage N2	2	1410000
7080.0	30.0	Sleep stage N1	1	1416000
7110.0	30.0	Sleep stage N2	2	1422000
7140.0	30.0	Sleep stage N2	2	1428000
7170.0	30.0	Sleep stage N1	1	1434000
7200.0	30.0	Sleep stage N2	2	1440000
7230.0	30.0	Sleep stage N2	2	1446000
7260.0	30.0	Sleep stage N1	1	1452000
7290.0	30.0	Sleep stage N2	2	1458000
7320.0	30.0	Sleep stage N2	2	1464000
7350.0	30.0	Sleep stage N2	2	1470000
7380.0	30.0	Sleep stage N1	1	1476000
7410.0	30.0	Sleep stage N1	1	1482000
7440.0	30.0	Sleep stage N2	2	1488000
7470.0	30.0	Sleep stage N2	2	1494000
7500.0	30.0	Sleep stage N2	2	1500000
7530.0	30.0	Sleep stage N1	1	1506000
7560.0	30.0	Sleep stage N1	1	1512000
7590.0	30.0	Sleep stage N1	1	1518000
7620.0	30.0	Sleep stage N2	2	1524000
7650.0	30.0	Sleep stage N2	2	1530000
7680.0	30.0	Sleep stage W	6	1536000
7710.0	30.0	Sleep stage N1	1	1542000
7740.0	30.0	Sleep stage N1	1	1548000
7770.0	30.0	Sleep stage N1	1	1554000
7800.0	30.0	Sleep stage N1	1	1560000
7830.0	30.0	Sleep stage N2	2	1566000
7860.0	30.0	Sleep stage N2	2	1572000
7890.0	30.0	Sleep stage N2	2	1578000
7920.0	30.0	Sleep stage N2	2	1584000
7950.0	30.0	Sleep stage W	6	1590000
7980.0	30.0	Sleep stage W	6	1596000
8010.0	30.0	Sleep stage N1	1	1602000
8040.0	30.0	Sleep stage N1	1	1608000
8070.0	30.0	Sleep stage N2	2	1614000
8100.0	30.0	Sleep stage N2	2	1620000
8130.0	30.0	Sleep stage W	6	1626000
8160.0	30.0	Sleep stage N1	1	1632000
8190.0	30.0	Sleep stage N1	1	1638000
8220.0	30.0	Sleep stage N2	2	1644000
8250.0	30.0	Sleep stage N2	2	1650000
8280.0	30.0	Sleep stage W	6	1656000
8310.0	30.0	Sleep stage W	6	1662000
8340.0	30.0	Sleep stage W	6	1668000
8370.0	30.0	Sleep stage N1	1	1674000
8400.0	30.0	Sleep stage N1	1	1680000
8430.0	30.0	Sleep stage N2	2	1686000
8460.0	30.0	Sleep stage N2	2	1692000
8490.0	30.0	Sleep stage N1	1	1698000
8520.0	30.0	Sleep stage W	6	1704000
8550.0	30.0	Sleep stage W	6	1710000
8580.0	30.0	Sleep stage W	6	1716000
8610.0	30.0	Sleep stage N1	1	1722000
8640.0	30.0	Sleep stage N2	2	1728000
8670.0	30.0	Sleep stage N2	2	1734000
8700.0	30.0	Sleep stage N2	2	1740000
8730.0	30.0	Sleep stage N2	2	1746000
8760.0	30.0	Sleep stage N2	2	1752000
8790.0	30.0	Sleep stage N2	2	1758000
8820.0	30.0	Sleep stage N1	1	1764000
8850.0	30.0	Sleep stage N2	2	1770000
8880.0	30.0	Sleep stage N2	2	1776000
8910.0	30.0	Sleep stage N2	2	1782000
8940.0	30.0	Sleep stage N1	1	1788000
8970.0	30.0	Sleep stage N2	2	1794000
9000.0	30.0	Sleep stage N2	2	1800000
9030.0	30.0	Sleep stage N2	2	1806000
9060.0	30.0	Sleep stage N2	2	1812000
9090.0	30.0	Sleep stage N2	2	1818000
9120.0	30.0	Sleep stage N2	2	1824000
9150.0	30.0	Sleep stage N2	2	1830000
9180.0	30.0	Sleep stage N2	2	1836000
9210.0	30.0	Sleep stage N2	2	1842000
9240.0	30.0	Sleep stage N2	2	1848000
9270.0	30.0	Sleep stage N2	2	1854000
9300.0	30.0	Sleep stage N2	2	1860000
9330.0	30.0	Sleep stage N3	3	1866000
9360.0	30.0	Sleep stage N3	3	1872000
9390.0	30.0	Sleep stage N3	3	1878000
9420.0	30.0	Sleep stage N3	3	1884000
9450.0	30.0	Sleep stage N3	3	1890000
9480.0	30.0	Sleep stage N3	3	1896000
9510.0	30.0	Sleep stage N3	3	1902000
9540.0	30.0	Sleep stage N1	1	1908000
9570.0	30.0	Sleep stage N2	2	1914000
9600.0	30.0	Sleep stage N2	2	1920000
9630.0	30.0	Sleep stage N2	2	1926000
9660.0	30.0	Sleep stage N2	2	1932000
9690.0	30.0	Sleep stage N2	2	1938000
9720.0	30.0	Sleep stage N2	2	1944000
9750.0	30.0	Sleep stage N2	2	1950000
9780.0	30.0	Sleep stage N2	2	1956000
9810.0	30.0	Sleep stage N3	3	1962000
9840.0	30.0	Sleep stage N3	3	1968000
9870.0	30.0	Sleep stage N2	2	1974000
9900.0	30.0	Sleep stage N3	3	1980000
9930.0	30.0	Sleep stage N3	3	1986000
9960.0	30.0	Sleep stage N2	2	1992000
9990.0	30.0	Sleep stage N2	2	1998000
10020.0	30.0	Sleep stage N2	2	2004000
10050.0	30.0	Sleep stage N3	3	2010000
10080.0	30.0	Sleep stage N3	3	2016000
10110.0	30.0	Sleep stage N3	3	2022000
10140.0	30.0	Sleep stage N3	3	2028000
10170.0	30.0	Sleep stage N3	3	2034000
10200.0	30.0	Sleep stage N3	3	2040000
10230.0	30.0	Sleep stage N3	3	2046000
10260.0	30.0	Sleep stage N3	3	2052000
10290.0	30.0	Sleep stage N3	3	2058000
10320.0	30.0	Sleep stage N3	3	2064000
10350.0	30.0	Sleep stage N3	3	2070000
10380.0	30.0	Sleep stage N3	3	2076000
10410.0	30.0	Sleep stage N3	3	2082000
10440.0	30.0	Sleep stage N3	3	2088000
10470.0	30.0	Sleep stage N3	3	2094000
10500.0	30.0	Sleep stage N3	3	2100000
10530.0	30.0	Sleep stage N3	3	2106000
10560.0	30.0	Sleep stage N3	3	2112000
10590.0	30.0	Sleep stage N3	3	2118000
10620.0	30.0	Sleep stage N3	3	2124000
10650.0	30.0	Sleep stage N3	3	2130000
10680.0	30.0	Sleep stage N3	3	2136000
10710.0	30.0	Sleep stage N3	3	2142000
10740.0	30.0	Sleep stage N3	3	2148000
10770.0	30.0	Sleep stage N3	3	2154000
10800.0	30.0	Sleep stage N3	3	2160000
10830.0	30.0	Sleep stage N3	3	2166000
10860.0	30.0	Sleep stage N3	3	2172000
10890.0	30.0	Sleep stage N3	3	2178000
10920.0	30.0	Sleep stage N3	3	2184000
10950.0	30.0	Sleep stage N3	3	2190000
10980.0	30.0	Sleep stage N3	3	2196000
11010.0	30.0	Sleep stage N3	3	2202000
11040.0	30.0	Sleep stage N2	2	2208000
11070.0	30.0	Sleep stage N2	2	2214000
11100.0	30.0	Sleep stage N2	2	2220000
11130.0	30.0	Sleep stage N2	2	2226000
11160.0	30.0	Sleep stage N2	2	2232000
11190.0	30.0	Sleep stage N2	2	2238000
11220.0	30.0	Sleep stage N2	2	2244000
11250.0	30.0	Sleep stage N2	2	2250000
11280.0	30.0	Sleep stage N1	1	2256000
11310.0	30.0	Sleep stage N2	2	2262000
11340.0	30.0	Sleep stage N1	1	2268000
11370.0	30.0	Sleep stage N2	2	2274000
11400.0	30.0	Sleep stage N2	2	2280000
11430.0	30.0	Sleep stage N1	1	2286000
11460.0	30.0	Sleep stage N2	2	2292000
11490.0	30.0	Sleep stage N1	1	2298000
11520.0	30.0	Sleep stage N1	1	2304000
11550.0	30.0	Sleep stage N2	2	2310000
11580.0	30.0	Sleep stage N1	1	2316000
11610.0	30.0	Sleep stage N2	2	2322000
11640.0	30.0	Sleep stage N2	2	2328000
11670.0	30.0	Sleep stage N2	2	2334000
11700.0	30.0	Sleep stage N1	1	2340000
11730.0	30.0	Sleep stage N2	2	2346000
11760.0	30.0	Sleep stage N2	2	2352000
11790.0	30.0	Sleep stage N2	2	2358000
11820.0	30.0	Sleep stage N2	2	2364000
11850.0	30.0	Sleep stage N2	2	2370000
11880.0	30.0	Sleep stage N2	2	2376000
11910.0	30.0	Sleep stage W	6	2382000
11940.0	30.0	Sleep stage W	6	2388000
11970.0	30.0	Sleep stage W	6	2394000
12000.0	30.0	Sleep stage W	6	2400000
12030.0	30.0	Sleep stage W	6	2406000
12060.0	30.0	Sleep stage N1	1	2412000
12090.0	30.0	Sleep stage N2	2	2418000
12120.0	30.0	Sleep stage N2	2	2424000
12150.0	30.0	Sleep stage N1	1	2430000
12180.0	30.0	Sleep stage N2	2	2436000
12210.0	30.0	Sleep stage R	4	2442000
12240.0	30.0	Sleep stage R	4	2448000
12270.0	30.0	Sleep stage R	4	2454000
12300.0	30.0	Sleep stage R	4	2460000
12330.0	30.0	Sleep stage R	4	2466000
12360.0	30.0	Sleep stage R	4	2472000
12390.0	30.0	Sleep stage R	4	2478000
12420.0	30.0	Sleep stage R	4	2484000
12450.0	30.0	Sleep stage R	4	2490000
12480.0	30.0	Sleep stage R	4	2496000
12510.0	30.0	Sleep stage R	4	2502000
12540.0	30.0	Sleep stage R	4	2508000
12570.0	30.0	Sleep stage R	4	2514000
12600.0	30.0	Sleep stage R	4	2520000
12630.0	30.0	Sleep stage R	4	2526000
12660.0	30.0	Sleep stage R	4	2532000
12690.0	30.0	Sleep stage R	4	2538000
12720.0	30.0	Sleep stage R	4	2544000
12750.0	30.0	Sleep stage R	4	2550000
12780.0	30.0	Sleep stage R	4	2556000
12810.0	30.0	Sleep stage R	4	2562000
12840.0	30.0	Sleep stage R	4	2568000
12870.0	30.0	Sleep stage R	4	2574000
12900.0	30.0	Sleep stage R	4	2580000
12930.0	30.0	Sleep stage R	4	2586000
12960.0	30.0	Sleep stage R	4	2592000
12990.0	30.0	Sleep stage R	4	2598000
13020.0	30.0	Sleep stage R	4	2604000
13050.0	30.0	Sleep stage R	4	2610000
13080.0	30.0	Sleep stage R	4	2616000
13110.0	30.0	Sleep stage R	4	2622000
13140.0	30.0	Sleep stage R	4	2628000
13170.0	30.0	Sleep stage R	4	2634000
13200.0	30.0	Sleep stage R	4	2640000
13230.0	30.0	Sleep stage R	4	2646000
13260.0	30.0	Sleep stage R	4	2652000
13290.0	30.0	Sleep stage R	4	2658000
13320.0	30.0	Sleep stage R	4	2664000
13350.0	30.0	Sleep stage R	4	2670000
13380.0	30.0	Sleep stage R	4	2676000
13410.0	30.0	Sleep stage R	4	2682000
13440.0	30.0	Sleep stage R	4	2688000
13470.0	30.0	Sleep stage R	4	2694000
13500.0	30.0	Sleep stage R	4	2700000
13530.0	30.0	Sleep stage R	4	2706000
13560.0	30.0	Sleep stage R	4	2712000
13590.0	30.0	Sleep stage R	4	2718000
13620.0	30.0	Sleep stage R	4	2724000
13650.0	30.0	Sleep stage R	4	2730000
13680.0	30.0	Sleep stage R	4	2736000
13710.0	30.0	Sleep stage R	4	2742000
13740.0	30.0	Sleep stage R	4	2748000
13770.0	30.0	Sleep stage N2	2	2754000
13800.0	30.0	Sleep stage N2	2	2760000
13830.0	30.0	Sleep stage N2	2	2766000
13860.0	30.0	Sleep stage N2	2	2772000
13890.0	30.0	Sleep stage N1	1	2778000
13920.0	30.0	Sleep stage N2	2	2784000
13950.0	30.0	Sleep stage N2	2	2790000
13980.0	30.0	Sleep stage N2	2	2796000
14010.0	30.0	Sleep stage N2	2	2802000
14040.0	30.0	Sleep stage N2	2	2808000
14070.0	30.0	Sleep stage N2	2	2814000
14100.0	30.0	Sleep stage N2	2	2820000
14130.0	30.0	Sleep stage N2	2	2826000
14160.0	30.0	Sleep stage N2	2	2832000
14190.0	30.0	Sleep stage N2	2	2838000
14220.0	30.0	Sleep stage N2	2	2844000
14250.0	30.0	Sleep stage N2	2	2850000
14280.0	30.0	Sleep stage N2	2	2856000
14310.0	30.0	Sleep stage N2	2	2862000
14340.0	30.0	Sleep stage N1	1	2868000
14370.0	30.0	Sleep stage N2	2	2874000
14400.0	30.0	Sleep stage N2	2	2880000
14430.0	30.0	Sleep stage N2	2	2886000
14460.0	30.0	Sleep stage W	6	2892000
14490.0	30.0	Sleep stage N1	1	2898000
14520.0	30.0	Sleep stage N1	1	2904000
14550.0	30.0	Sleep stage N2	2	2910000
14580.0	30.0	Sleep stage N2	2	2916000
14610.0	30.0	Sleep stage N2	2	2922000
14640.0	30.0	Sleep stage N1	1	2928000
14670.0	30.0	Sleep stage N2	2	2934000
14700.0	30.0	Sleep stage W	6	2940000
14730.0	30.0	Sleep stage N1	1	2946000
14760.0	30.0	Sleep stage N2	2	2952000
14790.0	30.0	Sleep stage N1	1	2958000
14820.0	30.0	Sleep stage N2	2	2964000
14850.0	30.0	Sleep stage N2	2	2970000
14880.0	30.0	Sleep stage N2	2	2976000
14910.0	30.0	Sleep stage N2	2	2982000
14940.0	30.0	Sleep stage N2	2	2988000
14970.0	30.0	Sleep stage N2	2	2994000
15000.0	30.0	Sleep stage N2	2	3000000
15030.0	30.0	Sleep stage N2	2	3006000
15060.0	30.0	Sleep stage N2	2	3012000
15090.0	30.0	Sleep stage N2	2	3018000
15120.0	30.0	Sleep stage N2	2	3024000
15150.0	30.0	Sleep stage N2	2	3030000
15180.0	30.0	Sleep stage N2	2	3036000
15210.0	30.0	Sleep stage N2	2	3042000
15240.0	30.0	Sleep stage N2	2	3048000
15270.0	30.0	Sleep stage N2	2	3054000
15300.0	30.0	Sleep stage N2	2	3060000
15330.0	30.0	Sleep stage N3	3	3066000
15360.0	30.0	Sleep stage N3	3	3072000
15390.0	30.0	Sleep stage N3	3	3078000
15420.0	30.0	Sleep stage N3	3	3084000
15450.0	30.0	Sleep stage N3	3	3090000
15480.0	30.0	Sleep stage N3	3	3096000
15510.0	30.0	Sleep stage N3	3	3102000
15540.0	30.0	Sleep stage N3	3	3108000
15570.0	30.0	Sleep stage N3	3	3114000
15600.0	30.0	Sleep stage N3	3	3120000
15630.0	30.0	Sleep stage N3	3	3126000
15660.0	30.0	Sleep stage N3	3	3132000
15690.0	30.0	Sleep stage N3	3	3138000
15720.0	30.0	Sleep stage N3	3	3144000
15750.0	30.0	Sleep stage N3	3	3150000
15780.0	30.0	Sleep stage N3	3	3156000
15810.0	30.0	Sleep stage N3	3	3162000
15840.0	30.0	Sleep stage N3	3	3168000
15870.0	30.0	Sleep stage N3	3	3174000
15900.0	30.0	Sleep stage N3	3	3180000
15930.0	30.0	Sleep stage N3	3	3186000
15960.0	30.0	Sleep stage N3	3	3192000
15990.0	30.0	Sleep stage N3	3	3198000
16020.0	30.0	Sleep stage N3	3	3204000
16050.0	30.0	Sleep stage N3	3	3210000
16080.0	30.0	Sleep stage N3	3	3216000
16110.0	30.0	Sleep stage N3	3	3222000
16140.0	30.0	Sleep stage N3	3	3228000
16170.0	30.0	Sleep stage U	5	3234000
16200.0	30.0	Sleep stage N3	3	3240000
16230.0	30.0	Sleep stage N3	3	3246000
16260.0	30.0	Sleep stage W	6	3252000
16290.0	30.0	Sleep stage N1	1	3258000
16320.0	30.0	Sleep stage N1	1	3264000
16350.0	30.0	Sleep stage N1	1	3270000
16380.0	30.0	Sleep stage N2	2	3276000
16410.0	30.0	Sleep stage N2	2	3282000
16440.0	30.0	Sleep stage N2	2	3288000
16470.0	30.0	Sleep stage N2	2	3294000
16500.0	30.0	Sleep stage N2	2	3300000
16530.0	30.0	Sleep stage N2	2	3306000
16560.0	30.0	Sleep stage N2	2	3312000
16590.0	30.0	Sleep stage N2	2	3318000
16620.0	30.0	Sleep stage N1	1	3324000
16650.0	30.0	Sleep stage N1	1	3330000
16680.0	30.0	Sleep stage N1	1	3336000
16710.0	30.0	Sleep stage N2	2	3342000
16740.0	30.0	Sleep stage N2	2	3348000
16770.0	30.0	Sleep stage N1	1	3354000
16800.0	30.0	Sleep stage N1	1	3360000
16830.0	30.0	Sleep stage N2	2	3366000
16860.0	30.0	Sleep stage N2	2	3372000
16890.0	30.0	Sleep stage N2	2	3378000
16920.0	30.0	Sleep stage N2	2	3384000
16950.0	30.0	Sleep stage N2	2	3390000
16980.0	30.0	Sleep stage N2	2	3396000
17010.0	30.0	Sleep stage R	4	3402000
17040.0	30.0	Sleep stage R	4	3408000
17070.0	30.0	Sleep stage R	4	3414000
17100.0	30.0	Sleep stage R	4	3420000
17130.0	30.0	Sleep stage R	4	3426000
17160.0	30.0	Sleep stage R	4	3432000
17190.0	30.0	Sleep stage R	4	3438000
17220.0	30.0	Sleep stage R	4	3444000
17250.0	30.0	Sleep stage R	4	3450000
17280.0	30.0	Sleep stage R	4	3456000
17310.0	30.0	Sleep stage R	4	3462000
17340.0	30.0	Sleep stage R	4	3468000
17370.0	30.0	Sleep stage R	4	3474000
17400.0	30.0	Sleep stage R	4	3480000
17430.0	30.0	Sleep stage R	4	3486000
17460.0	30.0	Sleep stage R	4	3492000
17490.0	30.0	Sleep stage R	4	3498000
17520.0	30.0	Sleep stage R	4	3504000
17550.0	30.0	Sleep stage R	4	3510000
17580.0	30.0	Sleep stage R	4	3516000
17610.0	30.0	Sleep stage R	4	3522000
17640.0	30.0	Sleep stage W	6	3528000
17670.0	30.0	Sleep stage W	6	3534000
17700.0	30.0	Sleep stage N1	1	3540000
17730.0	30.0	Sleep stage N1	1	3546000
17760.0	30.0	Sleep stage W	6	3552000
17790.0	30.0	Sleep stage W	6	3558000
17820.0	30.0	Sleep stage W	6	3564000
17850.0	30.0	Sleep stage W	6	3570000
17880.0	30.0	Sleep stage W	6	3576000
17910.0	30.0	Sleep stage W	6	3582000
17940.0	30.0	Sleep stage W	6	3588000
17970.0	30.0	Sleep stage W	6	3594000
18000.0	30.0	Sleep stage W	6	3600000
18030.0	30.0	Sleep stage W	6	3606000
18060.0	30.0	Sleep stage W	6	3612000
18090.0	30.0	Sleep stage W	6	3618000
18120.0	30.0	Sleep stage N1	1	3624000
18150.0	30.0	Sleep stage W	6	3630000
18180.0	30.0	Sleep stage W	6	3636000
18210.0	30.0	Sleep stage N1	1	3642000
18240.0	30.0	Sleep stage W	6	3648000
18270.0	30.0	Sleep stage N1	1	3654000
18300.0	30.0	Sleep stage N1	1	3660000
18330.0	30.0	Sleep stage W	6	3666000
18360.0	30.0	Sleep stage W	6	3672000
18390.0	30.0	Sleep stage N1	1	3678000
18420.0	30.0	Sleep stage W	6	3684000
18450.0	30.0	Sleep stage N1	1	3690000
18480.0	30.0	Sleep stage N1	1	3696000
18510.0	30.0	Sleep stage N2	2	3702000
18540.0	30.0	Sleep stage N1	1	3708000
18570.0	30.0	Sleep stage N1	1	3714000
18600.0	30.0	Sleep stage N2	2	3720000
18630.0	30.0	Sleep stage N2	2	3726000
18660.0	30.0	Sleep stage W	6	3732000
18690.0	30.0	Sleep stage N1	1	3738000
18720.0	30.0	Sleep stage N1	1	3744000
18750.0	30.0	Sleep stage N2	2	3750000
18780.0	30.0	Sleep stage N2	2	3756000
18810.0	30.0	Sleep stage W	6	3762000
18840.0	30.0	Sleep stage N1	1	3768000
18870.0	30.0	Sleep stage N2	2	3774000
18900.0	30.0	Sleep stage W	6	3780000
18930.0	30.0	Sleep stage W	6	3786000
18960.0	30.0	Sleep stage N1	1	3792000
18990.0	30.0	Sleep stage N2	2	3798000
19020.0	30.0	Sleep stage N2	2	3804000
19050.0	30.0	Sleep stage N2	2	3810000
19080.0	30.0	Sleep stage N2	2	3816000
19110.0	30.0	Sleep stage N2	2	3822000
19140.0	30.0	Sleep stage N1	1	3828000
19170.0	30.0	Sleep stage N2	2	3834000
19200.0	30.0	Sleep stage N2	2	3840000
19230.0	30.0	Sleep stage N1	1	3846000
19260.0	30.0	Sleep stage N2	2	3852000
19290.0	30.0	Sleep stage N1	1	3858000
19320.0	30.0	Sleep stage N1	1	3864000
19350.0	30.0	Sleep stage N2	2	3870000
19380.0	30.0	Sleep stage N2	2	3876000
19410.0	30.0	Sleep stage N2	2	3882000
19440.0	30.0	Sleep stage N2	2	3888000
19470.0	30.0	Sleep stage N2	2	3894000
19500.0	30.0	Sleep stage N2	2	3900000
19530.0	30.0	Sleep stage N2	2	3906000
19560.0	30.0	Sleep stage N2	2	3912000
19590.0	30.0	Sleep stage N2	2	3918000
19620.0	30.0	Sleep stage N2	2	3924000
19650.0	30.0	Sleep stage N2	2	3930000
19680.0	30.0	Sleep stage N2	2	3936000
19710.0	30.0	Sleep stage N2	2	3942000
19740.0	30.0	Sleep stage N2	2	3948000
19770.0	30.0	Sleep stage N2	2	3954000
19800.0	30.0	Sleep stage N1	1	3960000
19830.0	30.0	Sleep stage N2	2	3966000
19860.0	30.0	Sleep stage N2	2	3972000
19890.0	30.0	Sleep stage N2	2	3978000
19920.0	30.0	Sleep stage N2	2	3984000
19950.0	30.0	Sleep stage N2	2	3990000
19980.0	30.0	Sleep stage N1	1	3996000
20010.0	30.0	Sleep stage N2	2	4002000
20040.0	30.0	Sleep stage N2	2	4008000
20070.0	30.0	Sleep stage N2	2	4014000
20100.0	30.0	Sleep stage N2	2	4020000
20130.0	30.0	Sleep stage N2	2	4026000
20160.0	30.0	Sleep stage N2	2	4032000
20190.0	30.0	Sleep stage N2	2	4038000
20220.0	30.0	Sleep stage N2	2	4044000
20250.0	30.0	Sleep stage N1	1	4050000
20280.0	30.0	Sleep stage N2	2	4056000
20310.0	30.0	Sleep stage N2	2	4062000
20340.0	30.0	Sleep stage N2	2	4068000
20370.0	30.0	Sleep stage N2	2	4074000
20400.0	30.0	Sleep stage N1	1	4080000
20430.0	30.0	Sleep stage N2	2	4086000
20460.0	30.0	Sleep stage N2	2	4092000
20490.0	30.0	Sleep stage N2	2	4098000
20520.0	30.0	Sleep stage N2	2	4104000
20550.0	30.0	Sleep stage N1	1	4110000
20580.0	30.0	Sleep stage N2	2	4116000
20610.0	30.0	Sleep stage N1	1	4122000
20640.0	30.0	Sleep stage N2	2	4128000
20670.0	30.0	Sleep stage N2	2	4134000
20700.0	30.0	Sleep stage N2	2	4140000
20730.0	30.0	Sleep stage N2	2	4146000
20760.0	30.0	Sleep stage N2	2	4152000
20790.0	30.0	Sleep stage N2	2	4158000
20820.0	30.0	Sleep stage R	4	4164000
20850.0	30.0	Sleep stage R	4	4170000
20880.0	30.0	Sleep stage R	4	4176000
20910.0	30.0	Sleep stage R	4	4182000
20940.0	30.0	Sleep stage R	4	4188000
20970.0	30.0	Sleep stage R	4	4194000
21000.0	30.0	Sleep stage R	4	4200000
21030.0	30.0	Sleep stage R	4	4206000
21060.0	30.0	Sleep stage R	4	4212000
21090.0	30.0	Sleep stage R	4	4218000
21120.0	30.0	Sleep stage R	4	4224000
21150.0	30.0	Sleep stage R	4	4230000
21180.0	30.0	Sleep stage R	4	4236000
21210.0	30.0	Sleep stage R	4	4242000
21240.0	30.0	Sleep stage R	4	4248000
21270.0	30.0	Sleep stage R	4	4254000
21300.0	30.0	Sleep stage R	4	4260000
21330.0	30.0	Sleep stage R	4	4266000
21360.0	30.0	Sleep stage R	4	4272000
21390.0	30.0	Sleep stage R	4	4278000
21420.0	30.0	Sleep stage R	4	4284000
21450.0	30.0	Sleep stage R	4	4290000
21480.0	30.0	Sleep stage R	4	4296000
21510.0	30.0	Sleep stage R	4	4302000
21540.0	30.0	Sleep stage R	4	4308000
21570.0	30.0	Sleep stage R	4	4314000
21600.0	30.0	Sleep stage R	4	4320000
21630.0	30.0	Sleep stage R	4	4326000
21660.0	30.0	Sleep stage R	4	4332000
21690.0	30.0	Sleep stage R	4	4338000
21720.0	30.0	Sleep stage R	4	4344000
21750.0	30.0	Sleep stage R	4	4350000
21780.0	30.0	Sleep stage R	4	4356000
21810.0	30.0	Sleep stage R	4	4362000
21840.0	30.0	Sleep stage R	4	4368000
21870.0	30.0	Sleep stage R	4	4374000
21900.0	30.0	Sleep stage R	4	4380000
21930.0	30.0	Sleep stage R	4	4386000
21960.0	30.0	Sleep stage R	4	4392000
21990.0	30.0	Sleep stage R	4	4398000
22020.0	30.0	Sleep stage R	4	4404000
22050.0	30.0	Sleep stage R	4	4410000
22080.0	30.0	Sleep stage R	4	4416000
22110.0	30.0	Sleep stage R	4	4422000
22140.0	30.0	Sleep stage R	4	4428000
22170.0	30.0	Sleep stage R	4	4434000
22200.0	30.0	Sleep stage W	6	4440000
22230.0	30.0	Sleep stage N1	1	4446000
22260.0	30.0	Sleep stage N2	2	4452000
22290.0	30.0	Sleep stage R	4	4458000
22320.0	30.0	Sleep stage R	4	4464000
22350.0	30.0	Sleep stage R	4	4470000
22380.0	30.0	Sleep stage N2	2	4476000
22410.0	30.0	Sleep stage N2	2	4482000
22440.0	30.0	Sleep stage N2	2	4488000
22470.0	30.0	Sleep stage W	6	4494000
22500.0	30.0	Sleep stage N1	1	4500000
22530.0	30.0	Sleep stage N1	1	4506000
22560.0	30.0	Sleep stage N2	2	4512000
22590.0	30.0	Sleep stage N1	1	4518000
22620.0	30.0	Sleep stage N2	2	4524000
22650.0	30.0	Sleep stage N2	2	4530000
22680.0	30.0	Sleep stage N2	2	4536000
22710.0	30.0	Sleep stage N2	2	4542000
22740.0	30.0	Sleep stage N2	2	4548000
22770.0	30.0	Sleep stage N2	2	4554000
22800.0	30.0	Sleep stage N2	2	4560000
22830.0	30.0	Sleep stage N2	2	4566000
22860.0	30.0	Sleep stage N1	1	4572000
22890.0	30.0	Sleep stage N2	2	4578000
22920.0	30.0	Sleep stage R	4	4584000
22950.0	30.0	Sleep stage R	4	4590000
22980.0	30.0	Sleep stage R	4	4596000
23010.0	30.0	Sleep stage R	4	4602000
23040.0	30.0	Sleep stage R	4	4608000
23070.0	30.0	Sleep stage N1	1	4614000
23100.0	30.0	Sleep stage N1	1	4620000
23130.0	30.0	Sleep stage N2	2	4626000
23160.0	30.0	Sleep stage N2	2	4632000
23190.0	30.0	Sleep stage R	4	4638000
23220.0	30.0	Sleep stage R	4	4644000
23250.0	30.0	Sleep stage R	4	4650000
23280.0	30.0	Sleep stage R	4	4656000
23310.0	30.0	Sleep stage R	4	4662000
23340.0	30.0	Sleep stage R	4	4668000
23370.0	30.0	Sleep stage R	4	4674000
23400.0	30.0	Sleep stage R	4	4680000
23430.0	30.0	Sleep stage R	4	4686000
23460.0	30.0	Sleep stage R	4	4692000
23490.0	30.0	Sleep stage R	4	4698000
23520.0	30.0	Sleep stage R	4	4704000
23550.0	30.0	Sleep stage R	4	4710000
23580.0	30.0	Sleep stage R	4	4716000
23610.0	30.0	Sleep stage R	4	4722000
23640.0	30.0	Sleep stage R	4	4728000
23670.0	30.0	Sleep stage N1	1	4734000
23700.0	30.0	Sleep stage N1	1	4740000
23730.0	30.0	Sleep stage N2	2	4746000
23760.0	30.0	Sleep stage N2	2	4752000
23790.0	30.0	Sleep stage R	4	4758000
23820.0	30.0	Sleep stage R	4	4764000
23850.0	30.0	Sleep stage R	4	4770000
23880.0	30.0	Sleep stage R	4	4776000
23910.0	30.0	Sleep stage N1	1	4782000
23940.0	30.0	Sleep stage N2	2	4788000
23970.0	30.0	Sleep stage N2	2	4794000
24000.0	30.0	Sleep stage N2	2	4800000
24030.0	30.0	Sleep stage N1	1	4806000
24060.0	30.0	Sleep stage N1	1	4812000
24090.0	30.0	Sleep stage N2	2	4818000
24120.0	30.0	Sleep stage N2	2	4824000
24150.0	30.0	Sleep stage N2	2	4830000
24180.0	30.0	Sleep stage N2	2	4836000
24210.0	30.0	Sleep stage N2	2	4842000
24240.0	30.0	Sleep stage N2	2	4848000
24270.0	30.0	Sleep stage N2	2	4854000
24300.0	30.0	Sleep stage W	6	4860000
24330.0	30.0	Sleep stage W	6	4866000
24360.0	30.0	Sleep stage W	6	4872000
